"","x"
"1","interneurons"
"2","interneurons"
"3","interneurons"
"4","interneurons"
"5","interneurons"
"6","interneurons"
"7","interneurons"
"8","interneurons"
"9","interneurons"
"10","interneurons"
"11","interneurons"
"12","interneurons"
"13","interneurons"
"14","interneurons"
"15","interneurons"
"16","interneurons"
"17","interneurons"
"18","interneurons"
"19","interneurons"
"20","interneurons"
"21","interneurons"
"22","interneurons"
"23","interneurons"
"24","interneurons"
"25","interneurons"
"26","interneurons"
"27","interneurons"
"28","interneurons"
"29","interneurons"
"30","interneurons"
"31","interneurons"
"32","interneurons"
"33","interneurons"
"34","interneurons"
"35","interneurons"
"36","interneurons"
"37","interneurons"
"38","interneurons"
"39","interneurons"
"40","interneurons"
"41","interneurons"
"42","interneurons"
"43","interneurons"
"44","interneurons"
"45","interneurons"
"46","interneurons"
"47","interneurons"
"48","interneurons"
"49","interneurons"
"50","interneurons"
"51","interneurons"
"52","interneurons"
"53","interneurons"
"54","interneurons"
"55","interneurons"
"56","interneurons"
"57","interneurons"
"58","interneurons"
"59","interneurons"
"60","interneurons"
"61","interneurons"
"62","interneurons"
"63","interneurons"
"64","interneurons"
"65","interneurons"
"66","interneurons"
"67","interneurons"
"68","interneurons"
"69","interneurons"
"70","interneurons"
"71","interneurons"
"72","interneurons"
"73","interneurons"
"74","interneurons"
"75","interneurons"
"76","interneurons"
"77","interneurons"
"78","interneurons"
"79","interneurons"
"80","interneurons"
"81","interneurons"
"82","interneurons"
"83","interneurons"
"84","interneurons"
"85","interneurons"
"86","interneurons"
"87","interneurons"
"88","interneurons"
"89","interneurons"
"90","interneurons"
"91","interneurons"
"92","interneurons"
"93","interneurons"
"94","interneurons"
"95","interneurons"
"96","interneurons"
"97","interneurons"
"98","interneurons"
"99","interneurons"
"100","interneurons"
"101","interneurons"
"102","interneurons"
"103","interneurons"
"104","interneurons"
"105","interneurons"
"106","interneurons"
"107","interneurons"
"108","interneurons"
"109","interneurons"
"110","interneurons"
"111","interneurons"
"112","interneurons"
"113","interneurons"
"114","interneurons"
"115","interneurons"
"116","interneurons"
"117","interneurons"
"118","interneurons"
"119","interneurons"
"120","interneurons"
"121","interneurons"
"122","interneurons"
"123","interneurons"
"124","interneurons"
"125","interneurons"
"126","interneurons"
"127","interneurons"
"128","interneurons"
"129","interneurons"
"130","interneurons"
"131","interneurons"
"132","interneurons"
"133","interneurons"
"134","interneurons"
"135","interneurons"
"136","interneurons"
"137","interneurons"
"138","interneurons"
"139","interneurons"
"140","interneurons"
"141","interneurons"
"142","interneurons"
"143","interneurons"
"144","interneurons"
"145","interneurons"
"146","interneurons"
"147","interneurons"
"148","interneurons"
"149","interneurons"
"150","interneurons"
"151","interneurons"
"152","interneurons"
"153","interneurons"
"154","interneurons"
"155","interneurons"
"156","interneurons"
"157","interneurons"
"158","interneurons"
"159","interneurons"
"160","interneurons"
"161","interneurons"
"162","interneurons"
"163","interneurons"
"164","interneurons"
"165","interneurons"
"166","interneurons"
"167","interneurons"
"168","interneurons"
"169","interneurons"
"170","interneurons"
"171","interneurons"
"172","interneurons"
"173","interneurons"
"174","interneurons"
"175","interneurons"
"176","interneurons"
"177","interneurons"
"178","interneurons"
"179","interneurons"
"180","interneurons"
"181","interneurons"
"182","interneurons"
"183","interneurons"
"184","interneurons"
"185","interneurons"
"186","interneurons"
"187","interneurons"
"188","interneurons"
"189","interneurons"
"190","interneurons"
"191","interneurons"
"192","interneurons"
"193","interneurons"
"194","interneurons"
"195","interneurons"
"196","interneurons"
"197","interneurons"
"198","interneurons"
"199","interneurons"
"200","interneurons"
"201","interneurons"
"202","interneurons"
"203","interneurons"
"204","interneurons"
"205","interneurons"
"206","interneurons"
"207","interneurons"
"208","interneurons"
"209","interneurons"
"210","interneurons"
"211","interneurons"
"212","interneurons"
"213","interneurons"
"214","interneurons"
"215","interneurons"
"216","interneurons"
"217","interneurons"
"218","interneurons"
"219","interneurons"
"220","interneurons"
"221","interneurons"
"222","interneurons"
"223","interneurons"
"224","interneurons"
"225","interneurons"
"226","interneurons"
"227","interneurons"
"228","interneurons"
"229","interneurons"
"230","interneurons"
"231","interneurons"
"232","interneurons"
"233","interneurons"
"234","interneurons"
"235","interneurons"
"236","interneurons"
"237","interneurons"
"238","interneurons"
"239","interneurons"
"240","interneurons"
"241","interneurons"
"242","interneurons"
"243","interneurons"
"244","interneurons"
"245","interneurons"
"246","interneurons"
"247","interneurons"
"248","interneurons"
"249","interneurons"
"250","interneurons"
"251","interneurons"
"252","interneurons"
"253","interneurons"
"254","interneurons"
"255","interneurons"
"256","interneurons"
"257","interneurons"
"258","interneurons"
"259","interneurons"
"260","interneurons"
"261","interneurons"
"262","interneurons"
"263","interneurons"
"264","interneurons"
"265","interneurons"
"266","interneurons"
"267","interneurons"
"268","interneurons"
"269","interneurons"
"270","interneurons"
"271","interneurons"
"272","interneurons"
"273","interneurons"
"274","interneurons"
"275","interneurons"
"276","interneurons"
"277","interneurons"
"278","interneurons"
"279","interneurons"
"280","interneurons"
"281","interneurons"
"282","interneurons"
"283","interneurons"
"284","interneurons"
"285","interneurons"
"286","interneurons"
"287","interneurons"
"288","interneurons"
"289","interneurons"
"290","interneurons"
"291","pyramidal SS"
"292","pyramidal SS"
"293","pyramidal SS"
"294","pyramidal SS"
"295","pyramidal SS"
"296","pyramidal SS"
"297","pyramidal SS"
"298","pyramidal SS"
"299","pyramidal SS"
"300","pyramidal SS"
"301","pyramidal SS"
"302","pyramidal SS"
"303","pyramidal SS"
"304","pyramidal SS"
"305","pyramidal SS"
"306","pyramidal SS"
"307","pyramidal SS"
"308","pyramidal SS"
"309","pyramidal SS"
"310","pyramidal SS"
"311","pyramidal SS"
"312","pyramidal SS"
"313","pyramidal SS"
"314","pyramidal SS"
"315","pyramidal SS"
"316","pyramidal SS"
"317","pyramidal SS"
"318","pyramidal SS"
"319","pyramidal SS"
"320","pyramidal SS"
"321","pyramidal SS"
"322","pyramidal SS"
"323","pyramidal SS"
"324","pyramidal SS"
"325","pyramidal SS"
"326","pyramidal SS"
"327","pyramidal SS"
"328","pyramidal SS"
"329","pyramidal SS"
"330","pyramidal SS"
"331","pyramidal SS"
"332","pyramidal SS"
"333","pyramidal SS"
"334","pyramidal SS"
"335","pyramidal SS"
"336","pyramidal SS"
"337","pyramidal SS"
"338","pyramidal SS"
"339","pyramidal SS"
"340","pyramidal SS"
"341","pyramidal SS"
"342","pyramidal SS"
"343","pyramidal SS"
"344","pyramidal SS"
"345","pyramidal SS"
"346","pyramidal SS"
"347","pyramidal SS"
"348","pyramidal SS"
"349","pyramidal SS"
"350","pyramidal SS"
"351","pyramidal SS"
"352","pyramidal SS"
"353","pyramidal SS"
"354","pyramidal SS"
"355","pyramidal SS"
"356","pyramidal SS"
"357","pyramidal SS"
"358","pyramidal SS"
"359","pyramidal SS"
"360","pyramidal SS"
"361","pyramidal SS"
"362","pyramidal SS"
"363","pyramidal SS"
"364","pyramidal SS"
"365","pyramidal SS"
"366","pyramidal SS"
"367","pyramidal SS"
"368","pyramidal SS"
"369","pyramidal SS"
"370","pyramidal SS"
"371","pyramidal SS"
"372","pyramidal SS"
"373","pyramidal SS"
"374","pyramidal SS"
"375","pyramidal SS"
"376","pyramidal SS"
"377","pyramidal SS"
"378","pyramidal SS"
"379","pyramidal SS"
"380","pyramidal SS"
"381","pyramidal SS"
"382","pyramidal SS"
"383","pyramidal SS"
"384","pyramidal SS"
"385","pyramidal SS"
"386","pyramidal SS"
"387","pyramidal SS"
"388","pyramidal SS"
"389","pyramidal SS"
"390","pyramidal SS"
"391","pyramidal SS"
"392","pyramidal SS"
"393","pyramidal SS"
"394","pyramidal SS"
"395","pyramidal SS"
"396","pyramidal SS"
"397","pyramidal SS"
"398","pyramidal SS"
"399","pyramidal SS"
"400","pyramidal SS"
"401","pyramidal SS"
"402","pyramidal SS"
"403","pyramidal SS"
"404","pyramidal SS"
"405","pyramidal SS"
"406","pyramidal SS"
"407","pyramidal SS"
"408","pyramidal SS"
"409","pyramidal SS"
"410","pyramidal SS"
"411","pyramidal SS"
"412","pyramidal SS"
"413","pyramidal SS"
"414","pyramidal SS"
"415","pyramidal SS"
"416","pyramidal SS"
"417","pyramidal SS"
"418","pyramidal SS"
"419","pyramidal SS"
"420","pyramidal SS"
"421","pyramidal SS"
"422","pyramidal SS"
"423","pyramidal SS"
"424","pyramidal SS"
"425","pyramidal SS"
"426","pyramidal SS"
"427","pyramidal SS"
"428","pyramidal SS"
"429","pyramidal SS"
"430","pyramidal SS"
"431","pyramidal SS"
"432","pyramidal SS"
"433","pyramidal SS"
"434","pyramidal SS"
"435","pyramidal SS"
"436","pyramidal SS"
"437","pyramidal SS"
"438","pyramidal SS"
"439","pyramidal SS"
"440","pyramidal SS"
"441","pyramidal SS"
"442","pyramidal SS"
"443","pyramidal SS"
"444","pyramidal SS"
"445","pyramidal SS"
"446","pyramidal SS"
"447","pyramidal SS"
"448","pyramidal SS"
"449","pyramidal SS"
"450","pyramidal SS"
"451","pyramidal SS"
"452","pyramidal SS"
"453","pyramidal SS"
"454","pyramidal SS"
"455","pyramidal SS"
"456","pyramidal SS"
"457","pyramidal SS"
"458","pyramidal SS"
"459","pyramidal SS"
"460","pyramidal SS"
"461","pyramidal SS"
"462","pyramidal SS"
"463","pyramidal SS"
"464","pyramidal SS"
"465","pyramidal SS"
"466","pyramidal SS"
"467","pyramidal SS"
"468","pyramidal SS"
"469","pyramidal CA1"
"470","pyramidal SS"
"471","pyramidal SS"
"472","pyramidal CA1"
"473","pyramidal SS"
"474","pyramidal SS"
"475","pyramidal CA1"
"476","pyramidal SS"
"477","pyramidal CA1"
"478","pyramidal SS"
"479","pyramidal SS"
"480","pyramidal CA1"
"481","pyramidal CA1"
"482","pyramidal CA1"
"483","pyramidal CA1"
"484","pyramidal CA1"
"485","pyramidal CA1"
"486","pyramidal CA1"
"487","pyramidal CA1"
"488","pyramidal CA1"
"489","pyramidal CA1"
"490","pyramidal CA1"
"491","pyramidal CA1"
"492","pyramidal CA1"
"493","pyramidal CA1"
"494","pyramidal SS"
"495","pyramidal SS"
"496","pyramidal SS"
"497","pyramidal SS"
"498","pyramidal SS"
"499","pyramidal SS"
"500","pyramidal SS"
"501","pyramidal SS"
"502","pyramidal SS"
"503","pyramidal SS"
"504","pyramidal SS"
"505","pyramidal SS"
"506","pyramidal SS"
"507","pyramidal SS"
"508","pyramidal SS"
"509","pyramidal SS"
"510","pyramidal SS"
"511","pyramidal SS"
"512","pyramidal SS"
"513","pyramidal SS"
"514","pyramidal SS"
"515","pyramidal SS"
"516","pyramidal SS"
"517","pyramidal SS"
"518","pyramidal SS"
"519","pyramidal SS"
"520","pyramidal SS"
"521","pyramidal SS"
"522","pyramidal SS"
"523","pyramidal SS"
"524","pyramidal SS"
"525","pyramidal SS"
"526","pyramidal SS"
"527","pyramidal CA1"
"528","pyramidal SS"
"529","pyramidal SS"
"530","pyramidal SS"
"531","pyramidal SS"
"532","pyramidal SS"
"533","pyramidal SS"
"534","pyramidal SS"
"535","pyramidal SS"
"536","pyramidal SS"
"537","pyramidal SS"
"538","pyramidal SS"
"539","pyramidal SS"
"540","pyramidal SS"
"541","pyramidal SS"
"542","pyramidal SS"
"543","pyramidal SS"
"544","pyramidal SS"
"545","pyramidal SS"
"546","pyramidal SS"
"547","pyramidal SS"
"548","pyramidal SS"
"549","pyramidal SS"
"550","pyramidal SS"
"551","pyramidal SS"
"552","pyramidal SS"
"553","pyramidal SS"
"554","pyramidal SS"
"555","pyramidal SS"
"556","pyramidal SS"
"557","pyramidal SS"
"558","pyramidal SS"
"559","pyramidal SS"
"560","pyramidal SS"
"561","pyramidal SS"
"562","pyramidal SS"
"563","pyramidal SS"
"564","pyramidal SS"
"565","pyramidal SS"
"566","pyramidal SS"
"567","pyramidal SS"
"568","pyramidal SS"
"569","pyramidal SS"
"570","pyramidal SS"
"571","pyramidal SS"
"572","pyramidal SS"
"573","pyramidal SS"
"574","pyramidal SS"
"575","pyramidal SS"
"576","pyramidal SS"
"577","pyramidal SS"
"578","pyramidal SS"
"579","pyramidal SS"
"580","pyramidal SS"
"581","pyramidal SS"
"582","pyramidal SS"
"583","pyramidal SS"
"584","pyramidal SS"
"585","pyramidal SS"
"586","pyramidal SS"
"587","pyramidal SS"
"588","pyramidal SS"
"589","pyramidal SS"
"590","pyramidal SS"
"591","pyramidal SS"
"592","pyramidal SS"
"593","pyramidal SS"
"594","pyramidal SS"
"595","pyramidal SS"
"596","pyramidal SS"
"597","pyramidal SS"
"598","pyramidal SS"
"599","pyramidal SS"
"600","pyramidal SS"
"601","pyramidal SS"
"602","pyramidal SS"
"603","pyramidal SS"
"604","pyramidal SS"
"605","pyramidal SS"
"606","pyramidal SS"
"607","pyramidal SS"
"608","pyramidal SS"
"609","pyramidal SS"
"610","pyramidal SS"
"611","pyramidal SS"
"612","pyramidal SS"
"613","pyramidal SS"
"614","pyramidal SS"
"615","pyramidal SS"
"616","pyramidal SS"
"617","pyramidal SS"
"618","pyramidal SS"
"619","pyramidal SS"
"620","pyramidal SS"
"621","pyramidal SS"
"622","pyramidal SS"
"623","pyramidal SS"
"624","pyramidal SS"
"625","pyramidal SS"
"626","pyramidal SS"
"627","pyramidal SS"
"628","pyramidal SS"
"629","pyramidal SS"
"630","pyramidal SS"
"631","pyramidal SS"
"632","pyramidal SS"
"633","pyramidal SS"
"634","pyramidal SS"
"635","pyramidal SS"
"636","pyramidal SS"
"637","pyramidal SS"
"638","pyramidal SS"
"639","pyramidal SS"
"640","pyramidal CA1"
"641","pyramidal SS"
"642","pyramidal SS"
"643","pyramidal SS"
"644","pyramidal SS"
"645","pyramidal SS"
"646","pyramidal SS"
"647","pyramidal SS"
"648","pyramidal SS"
"649","pyramidal SS"
"650","pyramidal SS"
"651","pyramidal SS"
"652","pyramidal SS"
"653","pyramidal SS"
"654","pyramidal SS"
"655","pyramidal SS"
"656","pyramidal SS"
"657","pyramidal SS"
"658","pyramidal SS"
"659","pyramidal SS"
"660","pyramidal SS"
"661","pyramidal SS"
"662","pyramidal SS"
"663","pyramidal SS"
"664","pyramidal SS"
"665","pyramidal SS"
"666","pyramidal SS"
"667","pyramidal SS"
"668","pyramidal SS"
"669","pyramidal SS"
"670","pyramidal SS"
"671","pyramidal SS"
"672","pyramidal SS"
"673","pyramidal SS"
"674","pyramidal SS"
"675","pyramidal SS"
"676","pyramidal SS"
"677","pyramidal SS"
"678","pyramidal SS"
"679","pyramidal CA1"
"680","pyramidal CA1"
"681","pyramidal CA1"
"682","pyramidal CA1"
"683","pyramidal CA1"
"684","pyramidal CA1"
"685","pyramidal SS"
"686","pyramidal CA1"
"687","pyramidal CA1"
"688","pyramidal CA1"
"689","pyramidal CA1"
"690","pyramidal CA1"
"691","pyramidal CA1"
"692","pyramidal CA1"
"693","pyramidal CA1"
"694","pyramidal CA1"
"695","pyramidal CA1"
"696","pyramidal CA1"
"697","pyramidal CA1"
"698","pyramidal CA1"
"699","pyramidal CA1"
"700","pyramidal CA1"
"701","pyramidal CA1"
"702","pyramidal CA1"
"703","pyramidal CA1"
"704","pyramidal CA1"
"705","pyramidal CA1"
"706","pyramidal CA1"
"707","pyramidal CA1"
"708","pyramidal CA1"
"709","pyramidal SS"
"710","pyramidal SS"
"711","pyramidal SS"
"712","pyramidal CA1"
"713","pyramidal CA1"
"714","pyramidal CA1"
"715","pyramidal CA1"
"716","pyramidal CA1"
"717","pyramidal CA1"
"718","pyramidal SS"
"719","pyramidal CA1"
"720","pyramidal SS"
"721","pyramidal CA1"
"722","pyramidal CA1"
"723","pyramidal SS"
"724","pyramidal CA1"
"725","pyramidal CA1"
"726","pyramidal SS"
"727","pyramidal SS"
"728","pyramidal SS"
"729","pyramidal SS"
"730","pyramidal SS"
"731","pyramidal SS"
"732","pyramidal SS"
"733","pyramidal CA1"
"734","pyramidal SS"
"735","pyramidal SS"
"736","pyramidal SS"
"737","pyramidal CA1"
"738","pyramidal SS"
"739","pyramidal SS"
"740","pyramidal SS"
"741","pyramidal SS"
"742","pyramidal SS"
"743","pyramidal SS"
"744","pyramidal CA1"
"745","pyramidal CA1"
"746","pyramidal CA1"
"747","pyramidal CA1"
"748","pyramidal CA1"
"749","pyramidal CA1"
"750","pyramidal CA1"
"751","pyramidal CA1"
"752","pyramidal CA1"
"753","pyramidal CA1"
"754","pyramidal CA1"
"755","pyramidal CA1"
"756","pyramidal CA1"
"757","pyramidal CA1"
"758","pyramidal CA1"
"759","pyramidal CA1"
"760","pyramidal CA1"
"761","pyramidal CA1"
"762","pyramidal CA1"
"763","pyramidal CA1"
"764","pyramidal CA1"
"765","pyramidal CA1"
"766","pyramidal CA1"
"767","pyramidal CA1"
"768","pyramidal CA1"
"769","pyramidal CA1"
"770","pyramidal CA1"
"771","pyramidal CA1"
"772","pyramidal CA1"
"773","pyramidal CA1"
"774","pyramidal CA1"
"775","pyramidal CA1"
"776","pyramidal CA1"
"777","pyramidal CA1"
"778","pyramidal CA1"
"779","pyramidal CA1"
"780","pyramidal CA1"
"781","pyramidal CA1"
"782","pyramidal CA1"
"783","pyramidal CA1"
"784","pyramidal CA1"
"785","pyramidal CA1"
"786","pyramidal CA1"
"787","pyramidal CA1"
"788","pyramidal CA1"
"789","pyramidal CA1"
"790","pyramidal CA1"
"791","pyramidal CA1"
"792","pyramidal CA1"
"793","pyramidal CA1"
"794","pyramidal CA1"
"795","pyramidal CA1"
"796","pyramidal CA1"
"797","pyramidal CA1"
"798","pyramidal CA1"
"799","pyramidal CA1"
"800","pyramidal CA1"
"801","pyramidal CA1"
"802","pyramidal CA1"
"803","pyramidal CA1"
"804","pyramidal CA1"
"805","pyramidal CA1"
"806","pyramidal CA1"
"807","pyramidal CA1"
"808","pyramidal CA1"
"809","pyramidal CA1"
"810","pyramidal CA1"
"811","pyramidal CA1"
"812","pyramidal CA1"
"813","pyramidal CA1"
"814","pyramidal CA1"
"815","pyramidal CA1"
"816","pyramidal CA1"
"817","pyramidal CA1"
"818","pyramidal CA1"
"819","pyramidal CA1"
"820","pyramidal CA1"
"821","pyramidal CA1"
"822","pyramidal CA1"
"823","pyramidal CA1"
"824","pyramidal CA1"
"825","pyramidal CA1"
"826","pyramidal CA1"
"827","pyramidal CA1"
"828","pyramidal CA1"
"829","pyramidal CA1"
"830","pyramidal CA1"
"831","pyramidal CA1"
"832","pyramidal CA1"
"833","pyramidal CA1"
"834","pyramidal CA1"
"835","pyramidal CA1"
"836","pyramidal CA1"
"837","pyramidal CA1"
"838","pyramidal CA1"
"839","pyramidal CA1"
"840","pyramidal CA1"
"841","pyramidal CA1"
"842","pyramidal SS"
"843","pyramidal CA1"
"844","pyramidal CA1"
"845","pyramidal CA1"
"846","pyramidal CA1"
"847","pyramidal CA1"
"848","pyramidal CA1"
"849","pyramidal CA1"
"850","pyramidal CA1"
"851","pyramidal CA1"
"852","pyramidal CA1"
"853","pyramidal CA1"
"854","pyramidal CA1"
"855","pyramidal CA1"
"856","pyramidal CA1"
"857","pyramidal CA1"
"858","pyramidal CA1"
"859","pyramidal CA1"
"860","pyramidal CA1"
"861","pyramidal CA1"
"862","pyramidal CA1"
"863","pyramidal CA1"
"864","pyramidal CA1"
"865","pyramidal CA1"
"866","pyramidal CA1"
"867","pyramidal CA1"
"868","pyramidal CA1"
"869","pyramidal CA1"
"870","pyramidal CA1"
"871","pyramidal CA1"
"872","pyramidal CA1"
"873","pyramidal CA1"
"874","pyramidal CA1"
"875","pyramidal CA1"
"876","pyramidal CA1"
"877","pyramidal CA1"
"878","pyramidal CA1"
"879","pyramidal CA1"
"880","pyramidal CA1"
"881","pyramidal CA1"
"882","pyramidal CA1"
"883","pyramidal CA1"
"884","pyramidal CA1"
"885","pyramidal CA1"
"886","pyramidal CA1"
"887","pyramidal CA1"
"888","pyramidal CA1"
"889","pyramidal CA1"
"890","pyramidal CA1"
"891","pyramidal CA1"
"892","pyramidal CA1"
"893","pyramidal CA1"
"894","pyramidal CA1"
"895","pyramidal CA1"
"896","pyramidal CA1"
"897","pyramidal CA1"
"898","pyramidal CA1"
"899","pyramidal CA1"
"900","pyramidal CA1"
"901","pyramidal CA1"
"902","pyramidal CA1"
"903","pyramidal CA1"
"904","pyramidal CA1"
"905","pyramidal CA1"
"906","pyramidal CA1"
"907","pyramidal CA1"
"908","pyramidal CA1"
"909","pyramidal CA1"
"910","pyramidal CA1"
"911","pyramidal CA1"
"912","pyramidal CA1"
"913","pyramidal CA1"
"914","pyramidal CA1"
"915","pyramidal CA1"
"916","pyramidal CA1"
"917","pyramidal CA1"
"918","pyramidal CA1"
"919","pyramidal CA1"
"920","pyramidal CA1"
"921","pyramidal CA1"
"922","pyramidal CA1"
"923","pyramidal CA1"
"924","pyramidal CA1"
"925","pyramidal CA1"
"926","pyramidal CA1"
"927","pyramidal CA1"
"928","pyramidal CA1"
"929","pyramidal CA1"
"930","pyramidal CA1"
"931","pyramidal CA1"
"932","pyramidal CA1"
"933","pyramidal CA1"
"934","pyramidal CA1"
"935","pyramidal CA1"
"936","pyramidal CA1"
"937","pyramidal CA1"
"938","pyramidal CA1"
"939","pyramidal CA1"
"940","pyramidal CA1"
"941","pyramidal CA1"
"942","pyramidal CA1"
"943","pyramidal CA1"
"944","pyramidal CA1"
"945","pyramidal CA1"
"946","pyramidal CA1"
"947","pyramidal CA1"
"948","pyramidal CA1"
"949","pyramidal CA1"
"950","pyramidal CA1"
"951","pyramidal CA1"
"952","pyramidal CA1"
"953","pyramidal CA1"
"954","pyramidal CA1"
"955","pyramidal CA1"
"956","pyramidal CA1"
"957","pyramidal CA1"
"958","pyramidal CA1"
"959","pyramidal CA1"
"960","pyramidal CA1"
"961","pyramidal CA1"
"962","pyramidal CA1"
"963","pyramidal CA1"
"964","pyramidal CA1"
"965","pyramidal CA1"
"966","pyramidal CA1"
"967","pyramidal CA1"
"968","pyramidal CA1"
"969","pyramidal CA1"
"970","pyramidal CA1"
"971","pyramidal CA1"
"972","pyramidal CA1"
"973","pyramidal CA1"
"974","pyramidal CA1"
"975","pyramidal CA1"
"976","pyramidal CA1"
"977","pyramidal CA1"
"978","pyramidal CA1"
"979","pyramidal CA1"
"980","pyramidal CA1"
"981","pyramidal CA1"
"982","pyramidal CA1"
"983","pyramidal CA1"
"984","pyramidal CA1"
"985","pyramidal CA1"
"986","pyramidal CA1"
"987","pyramidal CA1"
"988","pyramidal CA1"
"989","pyramidal CA1"
"990","pyramidal CA1"
"991","pyramidal CA1"
"992","pyramidal CA1"
"993","pyramidal CA1"
"994","pyramidal CA1"
"995","pyramidal CA1"
"996","pyramidal CA1"
"997","pyramidal CA1"
"998","pyramidal CA1"
"999","pyramidal CA1"
"1000","pyramidal CA1"
"1001","pyramidal CA1"
"1002","pyramidal CA1"
"1003","pyramidal CA1"
"1004","pyramidal CA1"
"1005","pyramidal CA1"
"1006","pyramidal CA1"
"1007","pyramidal CA1"
"1008","pyramidal CA1"
"1009","pyramidal CA1"
"1010","pyramidal CA1"
"1011","pyramidal CA1"
"1012","pyramidal CA1"
"1013","pyramidal CA1"
"1014","pyramidal CA1"
"1015","pyramidal CA1"
"1016","pyramidal CA1"
"1017","pyramidal CA1"
"1018","pyramidal CA1"
"1019","pyramidal CA1"
"1020","pyramidal CA1"
"1021","pyramidal CA1"
"1022","pyramidal CA1"
"1023","pyramidal CA1"
"1024","pyramidal CA1"
"1025","pyramidal CA1"
"1026","pyramidal CA1"
"1027","pyramidal CA1"
"1028","pyramidal CA1"
"1029","pyramidal CA1"
"1030","pyramidal CA1"
"1031","pyramidal CA1"
"1032","pyramidal CA1"
"1033","pyramidal CA1"
"1034","pyramidal CA1"
"1035","pyramidal CA1"
"1036","pyramidal CA1"
"1037","pyramidal CA1"
"1038","pyramidal CA1"
"1039","pyramidal CA1"
"1040","pyramidal CA1"
"1041","pyramidal CA1"
"1042","pyramidal CA1"
"1043","pyramidal CA1"
"1044","pyramidal CA1"
"1045","pyramidal CA1"
"1046","pyramidal CA1"
"1047","pyramidal CA1"
"1048","pyramidal CA1"
"1049","pyramidal CA1"
"1050","pyramidal CA1"
"1051","pyramidal CA1"
"1052","pyramidal CA1"
"1053","pyramidal CA1"
"1054","pyramidal CA1"
"1055","pyramidal CA1"
"1056","pyramidal CA1"
"1057","pyramidal CA1"
"1058","pyramidal CA1"
"1059","pyramidal CA1"
"1060","pyramidal CA1"
"1061","pyramidal CA1"
"1062","pyramidal CA1"
"1063","pyramidal CA1"
"1064","pyramidal CA1"
"1065","pyramidal SS"
"1066","pyramidal CA1"
"1067","pyramidal CA1"
"1068","pyramidal CA1"
"1069","pyramidal CA1"
"1070","pyramidal CA1"
"1071","pyramidal CA1"
"1072","pyramidal CA1"
"1073","pyramidal CA1"
"1074","pyramidal CA1"
"1075","pyramidal CA1"
"1076","pyramidal CA1"
"1077","pyramidal CA1"
"1078","pyramidal CA1"
"1079","pyramidal CA1"
"1080","pyramidal CA1"
"1081","pyramidal CA1"
"1082","pyramidal CA1"
"1083","pyramidal CA1"
"1084","pyramidal CA1"
"1085","pyramidal CA1"
"1086","pyramidal CA1"
"1087","pyramidal CA1"
"1088","pyramidal CA1"
"1089","pyramidal CA1"
"1090","pyramidal CA1"
"1091","pyramidal CA1"
"1092","pyramidal CA1"
"1093","pyramidal CA1"
"1094","pyramidal CA1"
"1095","pyramidal CA1"
"1096","pyramidal CA1"
"1097","pyramidal CA1"
"1098","pyramidal CA1"
"1099","pyramidal CA1"
"1100","pyramidal CA1"
"1101","pyramidal CA1"
"1102","pyramidal CA1"
"1103","pyramidal CA1"
"1104","pyramidal CA1"
"1105","pyramidal CA1"
"1106","pyramidal CA1"
"1107","pyramidal CA1"
"1108","pyramidal CA1"
"1109","pyramidal CA1"
"1110","pyramidal CA1"
"1111","pyramidal CA1"
"1112","pyramidal CA1"
"1113","pyramidal CA1"
"1114","pyramidal CA1"
"1115","pyramidal CA1"
"1116","pyramidal CA1"
"1117","pyramidal CA1"
"1118","pyramidal CA1"
"1119","pyramidal CA1"
"1120","pyramidal CA1"
"1121","pyramidal CA1"
"1122","pyramidal CA1"
"1123","pyramidal CA1"
"1124","pyramidal CA1"
"1125","pyramidal CA1"
"1126","pyramidal CA1"
"1127","pyramidal CA1"
"1128","pyramidal CA1"
"1129","pyramidal CA1"
"1130","pyramidal CA1"
"1131","pyramidal CA1"
"1132","pyramidal CA1"
"1133","pyramidal CA1"
"1134","pyramidal CA1"
"1135","pyramidal CA1"
"1136","pyramidal CA1"
"1137","pyramidal CA1"
"1138","pyramidal CA1"
"1139","pyramidal CA1"
"1140","pyramidal CA1"
"1141","pyramidal CA1"
"1142","pyramidal CA1"
"1143","pyramidal CA1"
"1144","pyramidal CA1"
"1145","pyramidal CA1"
"1146","pyramidal CA1"
"1147","pyramidal CA1"
"1148","pyramidal CA1"
"1149","pyramidal CA1"
"1150","pyramidal CA1"
"1151","pyramidal CA1"
"1152","pyramidal CA1"
"1153","pyramidal CA1"
"1154","pyramidal CA1"
"1155","pyramidal CA1"
"1156","pyramidal CA1"
"1157","pyramidal CA1"
"1158","pyramidal CA1"
"1159","pyramidal CA1"
"1160","pyramidal CA1"
"1161","pyramidal CA1"
"1162","pyramidal CA1"
"1163","pyramidal CA1"
"1164","pyramidal CA1"
"1165","pyramidal CA1"
"1166","pyramidal CA1"
"1167","pyramidal CA1"
"1168","pyramidal CA1"
"1169","pyramidal CA1"
"1170","pyramidal CA1"
"1171","pyramidal CA1"
"1172","pyramidal CA1"
"1173","pyramidal CA1"
"1174","pyramidal CA1"
"1175","pyramidal CA1"
"1176","pyramidal CA1"
"1177","pyramidal CA1"
"1178","pyramidal CA1"
"1179","pyramidal CA1"
"1180","pyramidal CA1"
"1181","pyramidal CA1"
"1182","pyramidal CA1"
"1183","pyramidal CA1"
"1184","pyramidal CA1"
"1185","pyramidal CA1"
"1186","pyramidal CA1"
"1187","pyramidal CA1"
"1188","pyramidal CA1"
"1189","pyramidal CA1"
"1190","pyramidal CA1"
"1191","pyramidal CA1"
"1192","pyramidal CA1"
"1193","pyramidal CA1"
"1194","pyramidal CA1"
"1195","pyramidal CA1"
"1196","pyramidal CA1"
"1197","pyramidal CA1"
"1198","pyramidal CA1"
"1199","pyramidal CA1"
"1200","pyramidal CA1"
"1201","pyramidal CA1"
"1202","pyramidal CA1"
"1203","pyramidal CA1"
"1204","pyramidal CA1"
"1205","pyramidal CA1"
"1206","pyramidal CA1"
"1207","pyramidal CA1"
"1208","pyramidal CA1"
"1209","pyramidal CA1"
"1210","pyramidal CA1"
"1211","pyramidal CA1"
"1212","pyramidal CA1"
"1213","pyramidal CA1"
"1214","pyramidal CA1"
"1215","pyramidal CA1"
"1216","pyramidal CA1"
"1217","pyramidal CA1"
"1218","pyramidal CA1"
"1219","pyramidal CA1"
"1220","pyramidal CA1"
"1221","pyramidal CA1"
"1222","pyramidal CA1"
"1223","pyramidal CA1"
"1224","pyramidal CA1"
"1225","pyramidal CA1"
"1226","pyramidal CA1"
"1227","pyramidal CA1"
"1228","pyramidal CA1"
"1229","pyramidal CA1"
"1230","pyramidal CA1"
"1231","pyramidal CA1"
"1232","pyramidal CA1"
"1233","pyramidal CA1"
"1234","pyramidal CA1"
"1235","pyramidal CA1"
"1236","pyramidal CA1"
"1237","pyramidal CA1"
"1238","pyramidal CA1"
"1239","pyramidal CA1"
"1240","pyramidal CA1"
"1241","pyramidal CA1"
"1242","pyramidal CA1"
"1243","pyramidal CA1"
"1244","pyramidal CA1"
"1245","pyramidal CA1"
"1246","pyramidal CA1"
"1247","pyramidal CA1"
"1248","pyramidal CA1"
"1249","pyramidal CA1"
"1250","pyramidal CA1"
"1251","pyramidal CA1"
"1252","pyramidal CA1"
"1253","pyramidal CA1"
"1254","pyramidal CA1"
"1255","pyramidal CA1"
"1256","pyramidal CA1"
"1257","pyramidal CA1"
"1258","pyramidal CA1"
"1259","pyramidal CA1"
"1260","pyramidal CA1"
"1261","pyramidal CA1"
"1262","pyramidal CA1"
"1263","pyramidal CA1"
"1264","pyramidal CA1"
"1265","pyramidal CA1"
"1266","pyramidal CA1"
"1267","pyramidal CA1"
"1268","pyramidal CA1"
"1269","pyramidal CA1"
"1270","pyramidal CA1"
"1271","pyramidal CA1"
"1272","pyramidal CA1"
"1273","pyramidal CA1"
"1274","pyramidal CA1"
"1275","pyramidal CA1"
"1276","pyramidal CA1"
"1277","pyramidal CA1"
"1278","pyramidal CA1"
"1279","pyramidal CA1"
"1280","pyramidal CA1"
"1281","pyramidal CA1"
"1282","pyramidal CA1"
"1283","pyramidal CA1"
"1284","pyramidal CA1"
"1285","pyramidal CA1"
"1286","pyramidal CA1"
"1287","pyramidal CA1"
"1288","pyramidal CA1"
"1289","pyramidal CA1"
"1290","pyramidal CA1"
"1291","pyramidal CA1"
"1292","pyramidal CA1"
"1293","pyramidal CA1"
"1294","pyramidal CA1"
"1295","pyramidal CA1"
"1296","pyramidal CA1"
"1297","pyramidal CA1"
"1298","pyramidal CA1"
"1299","pyramidal CA1"
"1300","pyramidal CA1"
"1301","pyramidal CA1"
"1302","pyramidal CA1"
"1303","pyramidal CA1"
"1304","pyramidal CA1"
"1305","pyramidal CA1"
"1306","pyramidal CA1"
"1307","pyramidal CA1"
"1308","pyramidal CA1"
"1309","pyramidal CA1"
"1310","pyramidal CA1"
"1311","pyramidal CA1"
"1312","pyramidal CA1"
"1313","pyramidal CA1"
"1314","pyramidal CA1"
"1315","pyramidal CA1"
"1316","pyramidal CA1"
"1317","pyramidal CA1"
"1318","pyramidal CA1"
"1319","pyramidal CA1"
"1320","pyramidal CA1"
"1321","pyramidal CA1"
"1322","pyramidal CA1"
"1323","pyramidal CA1"
"1324","pyramidal CA1"
"1325","pyramidal CA1"
"1326","pyramidal CA1"
"1327","pyramidal CA1"
"1328","pyramidal CA1"
"1329","pyramidal CA1"
"1330","pyramidal CA1"
"1331","pyramidal CA1"
"1332","pyramidal CA1"
"1333","pyramidal CA1"
"1334","pyramidal CA1"
"1335","pyramidal CA1"
"1336","pyramidal CA1"
"1337","pyramidal CA1"
"1338","pyramidal CA1"
"1339","pyramidal CA1"
"1340","pyramidal CA1"
"1341","pyramidal CA1"
"1342","pyramidal CA1"
"1343","pyramidal CA1"
"1344","pyramidal CA1"
"1345","pyramidal CA1"
"1346","pyramidal CA1"
"1347","pyramidal CA1"
"1348","pyramidal CA1"
"1349","pyramidal CA1"
"1350","pyramidal CA1"
"1351","pyramidal CA1"
"1352","pyramidal CA1"
"1353","pyramidal CA1"
"1354","pyramidal CA1"
"1355","pyramidal CA1"
"1356","pyramidal CA1"
"1357","pyramidal CA1"
"1358","pyramidal CA1"
"1359","pyramidal CA1"
"1360","pyramidal CA1"
"1361","pyramidal CA1"
"1362","pyramidal CA1"
"1363","pyramidal CA1"
"1364","pyramidal CA1"
"1365","pyramidal CA1"
"1366","pyramidal CA1"
"1367","pyramidal CA1"
"1368","pyramidal CA1"
"1369","pyramidal CA1"
"1370","pyramidal CA1"
"1371","pyramidal CA1"
"1372","pyramidal CA1"
"1373","pyramidal CA1"
"1374","pyramidal CA1"
"1375","pyramidal CA1"
"1376","pyramidal CA1"
"1377","pyramidal CA1"
"1378","pyramidal CA1"
"1379","pyramidal CA1"
"1380","pyramidal CA1"
"1381","pyramidal CA1"
"1382","pyramidal CA1"
"1383","pyramidal CA1"
"1384","pyramidal CA1"
"1385","pyramidal CA1"
"1386","pyramidal CA1"
"1387","pyramidal CA1"
"1388","pyramidal CA1"
"1389","pyramidal CA1"
"1390","pyramidal CA1"
"1391","pyramidal CA1"
"1392","pyramidal CA1"
"1393","pyramidal CA1"
"1394","pyramidal CA1"
"1395","pyramidal SS"
"1396","pyramidal CA1"
"1397","pyramidal CA1"
"1398","pyramidal CA1"
"1399","pyramidal CA1"
"1400","pyramidal CA1"
"1401","pyramidal CA1"
"1402","pyramidal CA1"
"1403","pyramidal CA1"
"1404","pyramidal CA1"
"1405","pyramidal CA1"
"1406","pyramidal CA1"
"1407","pyramidal CA1"
"1408","pyramidal CA1"
"1409","pyramidal CA1"
"1410","pyramidal CA1"
"1411","pyramidal CA1"
"1412","pyramidal CA1"
"1413","pyramidal CA1"
"1414","pyramidal CA1"
"1415","pyramidal CA1"
"1416","pyramidal CA1"
"1417","pyramidal CA1"
"1418","pyramidal CA1"
"1419","pyramidal SS"
"1420","pyramidal CA1"
"1421","pyramidal CA1"
"1422","pyramidal CA1"
"1423","pyramidal CA1"
"1424","pyramidal CA1"
"1425","pyramidal CA1"
"1426","pyramidal CA1"
"1427","pyramidal CA1"
"1428","pyramidal CA1"
"1429","pyramidal CA1"
"1430","pyramidal CA1"
"1431","pyramidal CA1"
"1432","pyramidal CA1"
"1433","pyramidal CA1"
"1434","pyramidal CA1"
"1435","pyramidal CA1"
"1436","pyramidal CA1"
"1437","pyramidal CA1"
"1438","pyramidal CA1"
"1439","pyramidal CA1"
"1440","pyramidal CA1"
"1441","pyramidal CA1"
"1442","pyramidal CA1"
"1443","pyramidal CA1"
"1444","pyramidal CA1"
"1445","pyramidal CA1"
"1446","pyramidal CA1"
"1447","pyramidal CA1"
"1448","pyramidal CA1"
"1449","pyramidal CA1"
"1450","pyramidal CA1"
"1451","pyramidal CA1"
"1452","pyramidal CA1"
"1453","pyramidal CA1"
"1454","pyramidal CA1"
"1455","pyramidal CA1"
"1456","pyramidal CA1"
"1457","pyramidal CA1"
"1458","pyramidal CA1"
"1459","pyramidal CA1"
"1460","pyramidal CA1"
"1461","pyramidal CA1"
"1462","pyramidal CA1"
"1463","pyramidal CA1"
"1464","pyramidal CA1"
"1465","pyramidal CA1"
"1466","pyramidal CA1"
"1467","pyramidal CA1"
"1468","pyramidal CA1"
"1469","pyramidal SS"
"1470","pyramidal CA1"
"1471","pyramidal CA1"
"1472","pyramidal CA1"
"1473","pyramidal CA1"
"1474","pyramidal CA1"
"1475","pyramidal CA1"
"1476","pyramidal CA1"
"1477","pyramidal CA1"
"1478","pyramidal CA1"
"1479","pyramidal CA1"
"1480","pyramidal CA1"
"1481","pyramidal CA1"
"1482","pyramidal CA1"
"1483","pyramidal CA1"
"1484","pyramidal CA1"
"1485","pyramidal CA1"
"1486","pyramidal CA1"
"1487","pyramidal CA1"
"1488","pyramidal CA1"
"1489","pyramidal CA1"
"1490","pyramidal CA1"
"1491","pyramidal CA1"
"1492","pyramidal CA1"
"1493","pyramidal CA1"
"1494","pyramidal CA1"
"1495","pyramidal CA1"
"1496","pyramidal CA1"
"1497","pyramidal CA1"
"1498","pyramidal CA1"
"1499","pyramidal CA1"
"1500","pyramidal CA1"
"1501","pyramidal CA1"
"1502","pyramidal CA1"
"1503","pyramidal CA1"
"1504","pyramidal CA1"
"1505","pyramidal CA1"
"1506","pyramidal CA1"
"1507","pyramidal CA1"
"1508","pyramidal CA1"
"1509","pyramidal CA1"
"1510","pyramidal CA1"
"1511","pyramidal CA1"
"1512","pyramidal CA1"
"1513","pyramidal CA1"
"1514","pyramidal SS"
"1515","pyramidal CA1"
"1516","pyramidal CA1"
"1517","pyramidal CA1"
"1518","pyramidal CA1"
"1519","pyramidal CA1"
"1520","pyramidal CA1"
"1521","pyramidal CA1"
"1522","pyramidal CA1"
"1523","pyramidal CA1"
"1524","pyramidal CA1"
"1525","pyramidal CA1"
"1526","pyramidal CA1"
"1527","pyramidal CA1"
"1528","pyramidal CA1"
"1529","pyramidal CA1"
"1530","pyramidal CA1"
"1531","pyramidal CA1"
"1532","pyramidal CA1"
"1533","pyramidal CA1"
"1534","pyramidal CA1"
"1535","pyramidal CA1"
"1536","pyramidal CA1"
"1537","pyramidal CA1"
"1538","pyramidal CA1"
"1539","pyramidal CA1"
"1540","pyramidal CA1"
"1541","pyramidal CA1"
"1542","pyramidal CA1"
"1543","pyramidal CA1"
"1544","pyramidal CA1"
"1545","pyramidal CA1"
"1546","pyramidal CA1"
"1547","pyramidal CA1"
"1548","pyramidal CA1"
"1549","pyramidal CA1"
"1550","pyramidal CA1"
"1551","pyramidal CA1"
"1552","pyramidal CA1"
"1553","pyramidal CA1"
"1554","pyramidal CA1"
"1555","pyramidal CA1"
"1556","pyramidal CA1"
"1557","pyramidal CA1"
"1558","pyramidal CA1"
"1559","pyramidal CA1"
"1560","pyramidal CA1"
"1561","pyramidal CA1"
"1562","pyramidal CA1"
"1563","pyramidal CA1"
"1564","pyramidal CA1"
"1565","pyramidal CA1"
"1566","pyramidal CA1"
"1567","pyramidal CA1"
"1568","pyramidal CA1"
"1569","pyramidal CA1"
"1570","pyramidal CA1"
"1571","pyramidal CA1"
"1572","pyramidal CA1"
"1573","pyramidal CA1"
"1574","pyramidal CA1"
"1575","pyramidal CA1"
"1576","pyramidal CA1"
"1577","pyramidal CA1"
"1578","pyramidal CA1"
"1579","pyramidal CA1"
"1580","pyramidal CA1"
"1581","pyramidal CA1"
"1582","pyramidal CA1"
"1583","pyramidal CA1"
"1584","pyramidal CA1"
"1585","pyramidal CA1"
"1586","pyramidal CA1"
"1587","pyramidal CA1"
"1588","pyramidal CA1"
"1589","pyramidal CA1"
"1590","pyramidal CA1"
"1591","pyramidal CA1"
"1592","pyramidal CA1"
"1593","pyramidal CA1"
"1594","pyramidal CA1"
"1595","pyramidal CA1"
"1596","pyramidal CA1"
"1597","pyramidal CA1"
"1598","pyramidal CA1"
"1599","pyramidal CA1"
"1600","pyramidal CA1"
"1601","pyramidal CA1"
"1602","pyramidal CA1"
"1603","pyramidal CA1"
"1604","pyramidal CA1"
"1605","pyramidal CA1"
"1606","pyramidal CA1"
"1607","pyramidal CA1"
"1608","pyramidal CA1"
"1609","pyramidal CA1"
"1610","pyramidal CA1"
"1611","pyramidal CA1"
"1612","pyramidal CA1"
"1613","pyramidal CA1"
"1614","pyramidal CA1"
"1615","pyramidal CA1"
"1616","pyramidal CA1"
"1617","pyramidal CA1"
"1618","pyramidal CA1"
"1619","pyramidal CA1"
"1620","pyramidal CA1"
"1621","pyramidal CA1"
"1622","pyramidal CA1"
"1623","pyramidal CA1"
"1624","pyramidal CA1"
"1625","pyramidal CA1"
"1626","oligodendrocytes"
"1627","oligodendrocytes"
"1628","oligodendrocytes"
"1629","oligodendrocytes"
"1630","oligodendrocytes"
"1631","oligodendrocytes"
"1632","oligodendrocytes"
"1633","oligodendrocytes"
"1634","oligodendrocytes"
"1635","oligodendrocytes"
"1636","oligodendrocytes"
"1637","oligodendrocytes"
"1638","oligodendrocytes"
"1639","oligodendrocytes"
"1640","oligodendrocytes"
"1641","oligodendrocytes"
"1642","oligodendrocytes"
"1643","oligodendrocytes"
"1644","oligodendrocytes"
"1645","oligodendrocytes"
"1646","oligodendrocytes"
"1647","oligodendrocytes"
"1648","oligodendrocytes"
"1649","oligodendrocytes"
"1650","oligodendrocytes"
"1651","oligodendrocytes"
"1652","oligodendrocytes"
"1653","oligodendrocytes"
"1654","oligodendrocytes"
"1655","oligodendrocytes"
"1656","oligodendrocytes"
"1657","oligodendrocytes"
"1658","oligodendrocytes"
"1659","oligodendrocytes"
"1660","oligodendrocytes"
"1661","oligodendrocytes"
"1662","oligodendrocytes"
"1663","oligodendrocytes"
"1664","oligodendrocytes"
"1665","oligodendrocytes"
"1666","oligodendrocytes"
"1667","oligodendrocytes"
"1668","oligodendrocytes"
"1669","oligodendrocytes"
"1670","oligodendrocytes"
"1671","oligodendrocytes"
"1672","oligodendrocytes"
"1673","oligodendrocytes"
"1674","oligodendrocytes"
"1675","oligodendrocytes"
"1676","oligodendrocytes"
"1677","oligodendrocytes"
"1678","oligodendrocytes"
"1679","oligodendrocytes"
"1680","oligodendrocytes"
"1681","oligodendrocytes"
"1682","oligodendrocytes"
"1683","oligodendrocytes"
"1684","oligodendrocytes"
"1685","oligodendrocytes"
"1686","oligodendrocytes"
"1687","oligodendrocytes"
"1688","oligodendrocytes"
"1689","oligodendrocytes"
"1690","oligodendrocytes"
"1691","oligodendrocytes"
"1692","oligodendrocytes"
"1693","oligodendrocytes"
"1694","oligodendrocytes"
"1695","oligodendrocytes"
"1696","oligodendrocytes"
"1697","oligodendrocytes"
"1698","oligodendrocytes"
"1699","oligodendrocytes"
"1700","oligodendrocytes"
"1701","oligodendrocytes"
"1702","oligodendrocytes"
"1703","oligodendrocytes"
"1704","oligodendrocytes"
"1705","oligodendrocytes"
"1706","oligodendrocytes"
"1707","oligodendrocytes"
"1708","oligodendrocytes"
"1709","oligodendrocytes"
"1710","oligodendrocytes"
"1711","oligodendrocytes"
"1712","oligodendrocytes"
"1713","oligodendrocytes"
"1714","oligodendrocytes"
"1715","oligodendrocytes"
"1716","oligodendrocytes"
"1717","oligodendrocytes"
"1718","oligodendrocytes"
"1719","oligodendrocytes"
"1720","oligodendrocytes"
"1721","oligodendrocytes"
"1722","oligodendrocytes"
"1723","oligodendrocytes"
"1724","oligodendrocytes"
"1725","oligodendrocytes"
"1726","oligodendrocytes"
"1727","oligodendrocytes"
"1728","oligodendrocytes"
"1729","oligodendrocytes"
"1730","oligodendrocytes"
"1731","oligodendrocytes"
"1732","oligodendrocytes"
"1733","oligodendrocytes"
"1734","oligodendrocytes"
"1735","oligodendrocytes"
"1736","oligodendrocytes"
"1737","oligodendrocytes"
"1738","oligodendrocytes"
"1739","oligodendrocytes"
"1740","oligodendrocytes"
"1741","oligodendrocytes"
"1742","oligodendrocytes"
"1743","oligodendrocytes"
"1744","oligodendrocytes"
"1745","oligodendrocytes"
"1746","oligodendrocytes"
"1747","oligodendrocytes"
"1748","oligodendrocytes"
"1749","oligodendrocytes"
"1750","oligodendrocytes"
"1751","oligodendrocytes"
"1752","oligodendrocytes"
"1753","oligodendrocytes"
"1754","oligodendrocytes"
"1755","oligodendrocytes"
"1756","oligodendrocytes"
"1757","oligodendrocytes"
"1758","oligodendrocytes"
"1759","oligodendrocytes"
"1760","oligodendrocytes"
"1761","oligodendrocytes"
"1762","oligodendrocytes"
"1763","oligodendrocytes"
"1764","oligodendrocytes"
"1765","oligodendrocytes"
"1766","oligodendrocytes"
"1767","oligodendrocytes"
"1768","oligodendrocytes"
"1769","oligodendrocytes"
"1770","oligodendrocytes"
"1771","oligodendrocytes"
"1772","oligodendrocytes"
"1773","oligodendrocytes"
"1774","oligodendrocytes"
"1775","oligodendrocytes"
"1776","oligodendrocytes"
"1777","oligodendrocytes"
"1778","oligodendrocytes"
"1779","oligodendrocytes"
"1780","oligodendrocytes"
"1781","oligodendrocytes"
"1782","oligodendrocytes"
"1783","oligodendrocytes"
"1784","oligodendrocytes"
"1785","oligodendrocytes"
"1786","oligodendrocytes"
"1787","oligodendrocytes"
"1788","oligodendrocytes"
"1789","oligodendrocytes"
"1790","oligodendrocytes"
"1791","oligodendrocytes"
"1792","oligodendrocytes"
"1793","oligodendrocytes"
"1794","oligodendrocytes"
"1795","oligodendrocytes"
"1796","oligodendrocytes"
"1797","oligodendrocytes"
"1798","oligodendrocytes"
"1799","oligodendrocytes"
"1800","oligodendrocytes"
"1801","oligodendrocytes"
"1802","oligodendrocytes"
"1803","oligodendrocytes"
"1804","oligodendrocytes"
"1805","oligodendrocytes"
"1806","oligodendrocytes"
"1807","oligodendrocytes"
"1808","oligodendrocytes"
"1809","oligodendrocytes"
"1810","oligodendrocytes"
"1811","oligodendrocytes"
"1812","oligodendrocytes"
"1813","oligodendrocytes"
"1814","oligodendrocytes"
"1815","oligodendrocytes"
"1816","oligodendrocytes"
"1817","oligodendrocytes"
"1818","oligodendrocytes"
"1819","oligodendrocytes"
"1820","oligodendrocytes"
"1821","oligodendrocytes"
"1822","oligodendrocytes"
"1823","oligodendrocytes"
"1824","oligodendrocytes"
"1825","oligodendrocytes"
"1826","oligodendrocytes"
"1827","oligodendrocytes"
"1828","oligodendrocytes"
"1829","oligodendrocytes"
"1830","oligodendrocytes"
"1831","oligodendrocytes"
"1832","oligodendrocytes"
"1833","oligodendrocytes"
"1834","oligodendrocytes"
"1835","oligodendrocytes"
"1836","oligodendrocytes"
"1837","oligodendrocytes"
"1838","oligodendrocytes"
"1839","oligodendrocytes"
"1840","oligodendrocytes"
"1841","oligodendrocytes"
"1842","oligodendrocytes"
"1843","oligodendrocytes"
"1844","oligodendrocytes"
"1845","oligodendrocytes"
"1846","oligodendrocytes"
"1847","oligodendrocytes"
"1848","oligodendrocytes"
"1849","oligodendrocytes"
"1850","oligodendrocytes"
"1851","oligodendrocytes"
"1852","oligodendrocytes"
"1853","oligodendrocytes"
"1854","oligodendrocytes"
"1855","oligodendrocytes"
"1856","oligodendrocytes"
"1857","oligodendrocytes"
"1858","oligodendrocytes"
"1859","oligodendrocytes"
"1860","oligodendrocytes"
"1861","oligodendrocytes"
"1862","oligodendrocytes"
"1863","oligodendrocytes"
"1864","oligodendrocytes"
"1865","oligodendrocytes"
"1866","oligodendrocytes"
"1867","oligodendrocytes"
"1868","oligodendrocytes"
"1869","oligodendrocytes"
"1870","oligodendrocytes"
"1871","oligodendrocytes"
"1872","oligodendrocytes"
"1873","oligodendrocytes"
"1874","oligodendrocytes"
"1875","oligodendrocytes"
"1876","oligodendrocytes"
"1877","oligodendrocytes"
"1878","oligodendrocytes"
"1879","oligodendrocytes"
"1880","oligodendrocytes"
"1881","oligodendrocytes"
"1882","oligodendrocytes"
"1883","oligodendrocytes"
"1884","oligodendrocytes"
"1885","oligodendrocytes"
"1886","oligodendrocytes"
"1887","oligodendrocytes"
"1888","oligodendrocytes"
"1889","oligodendrocytes"
"1890","oligodendrocytes"
"1891","oligodendrocytes"
"1892","oligodendrocytes"
"1893","oligodendrocytes"
"1894","oligodendrocytes"
"1895","oligodendrocytes"
"1896","oligodendrocytes"
"1897","oligodendrocytes"
"1898","oligodendrocytes"
"1899","oligodendrocytes"
"1900","oligodendrocytes"
"1901","oligodendrocytes"
"1902","oligodendrocytes"
"1903","oligodendrocytes"
"1904","oligodendrocytes"
"1905","oligodendrocytes"
"1906","oligodendrocytes"
"1907","oligodendrocytes"
"1908","oligodendrocytes"
"1909","oligodendrocytes"
"1910","oligodendrocytes"
"1911","oligodendrocytes"
"1912","oligodendrocytes"
"1913","oligodendrocytes"
"1914","oligodendrocytes"
"1915","oligodendrocytes"
"1916","oligodendrocytes"
"1917","oligodendrocytes"
"1918","oligodendrocytes"
"1919","oligodendrocytes"
"1920","oligodendrocytes"
"1921","oligodendrocytes"
"1922","oligodendrocytes"
"1923","oligodendrocytes"
"1924","oligodendrocytes"
"1925","oligodendrocytes"
"1926","oligodendrocytes"
"1927","oligodendrocytes"
"1928","oligodendrocytes"
"1929","oligodendrocytes"
"1930","oligodendrocytes"
"1931","oligodendrocytes"
"1932","oligodendrocytes"
"1933","oligodendrocytes"
"1934","oligodendrocytes"
"1935","oligodendrocytes"
"1936","oligodendrocytes"
"1937","oligodendrocytes"
"1938","oligodendrocytes"
"1939","oligodendrocytes"
"1940","oligodendrocytes"
"1941","oligodendrocytes"
"1942","oligodendrocytes"
"1943","oligodendrocytes"
"1944","oligodendrocytes"
"1945","oligodendrocytes"
"1946","oligodendrocytes"
"1947","oligodendrocytes"
"1948","oligodendrocytes"
"1949","oligodendrocytes"
"1950","oligodendrocytes"
"1951","oligodendrocytes"
"1952","oligodendrocytes"
"1953","oligodendrocytes"
"1954","oligodendrocytes"
"1955","oligodendrocytes"
"1956","oligodendrocytes"
"1957","oligodendrocytes"
"1958","oligodendrocytes"
"1959","oligodendrocytes"
"1960","oligodendrocytes"
"1961","oligodendrocytes"
"1962","oligodendrocytes"
"1963","oligodendrocytes"
"1964","oligodendrocytes"
"1965","oligodendrocytes"
"1966","oligodendrocytes"
"1967","oligodendrocytes"
"1968","oligodendrocytes"
"1969","oligodendrocytes"
"1970","oligodendrocytes"
"1971","oligodendrocytes"
"1972","oligodendrocytes"
"1973","oligodendrocytes"
"1974","oligodendrocytes"
"1975","oligodendrocytes"
"1976","oligodendrocytes"
"1977","oligodendrocytes"
"1978","oligodendrocytes"
"1979","oligodendrocytes"
"1980","oligodendrocytes"
"1981","oligodendrocytes"
"1982","oligodendrocytes"
"1983","oligodendrocytes"
"1984","oligodendrocytes"
"1985","oligodendrocytes"
"1986","oligodendrocytes"
"1987","oligodendrocytes"
"1988","oligodendrocytes"
"1989","oligodendrocytes"
"1990","oligodendrocytes"
"1991","oligodendrocytes"
"1992","oligodendrocytes"
"1993","oligodendrocytes"
"1994","oligodendrocytes"
"1995","oligodendrocytes"
"1996","oligodendrocytes"
"1997","oligodendrocytes"
"1998","oligodendrocytes"
"1999","oligodendrocytes"
"2000","oligodendrocytes"
"2001","oligodendrocytes"
"2002","oligodendrocytes"
"2003","oligodendrocytes"
"2004","oligodendrocytes"
"2005","oligodendrocytes"
"2006","oligodendrocytes"
"2007","oligodendrocytes"
"2008","oligodendrocytes"
"2009","oligodendrocytes"
"2010","oligodendrocytes"
"2011","oligodendrocytes"
"2012","oligodendrocytes"
"2013","oligodendrocytes"
"2014","oligodendrocytes"
"2015","oligodendrocytes"
"2016","oligodendrocytes"
"2017","oligodendrocytes"
"2018","oligodendrocytes"
"2019","oligodendrocytes"
"2020","oligodendrocytes"
"2021","oligodendrocytes"
"2022","oligodendrocytes"
"2023","oligodendrocytes"
"2024","oligodendrocytes"
"2025","oligodendrocytes"
"2026","oligodendrocytes"
"2027","oligodendrocytes"
"2028","oligodendrocytes"
"2029","oligodendrocytes"
"2030","oligodendrocytes"
"2031","oligodendrocytes"
"2032","oligodendrocytes"
"2033","oligodendrocytes"
"2034","oligodendrocytes"
"2035","oligodendrocytes"
"2036","oligodendrocytes"
"2037","oligodendrocytes"
"2038","oligodendrocytes"
"2039","oligodendrocytes"
"2040","oligodendrocytes"
"2041","oligodendrocytes"
"2042","oligodendrocytes"
"2043","oligodendrocytes"
"2044","oligodendrocytes"
"2045","oligodendrocytes"
"2046","oligodendrocytes"
"2047","oligodendrocytes"
"2048","oligodendrocytes"
"2049","oligodendrocytes"
"2050","oligodendrocytes"
"2051","oligodendrocytes"
"2052","oligodendrocytes"
"2053","oligodendrocytes"
"2054","oligodendrocytes"
"2055","oligodendrocytes"
"2056","oligodendrocytes"
"2057","oligodendrocytes"
"2058","oligodendrocytes"
"2059","oligodendrocytes"
"2060","oligodendrocytes"
"2061","oligodendrocytes"
"2062","oligodendrocytes"
"2063","oligodendrocytes"
"2064","oligodendrocytes"
"2065","oligodendrocytes"
"2066","oligodendrocytes"
"2067","oligodendrocytes"
"2068","oligodendrocytes"
"2069","oligodendrocytes"
"2070","oligodendrocytes"
"2071","oligodendrocytes"
"2072","oligodendrocytes"
"2073","oligodendrocytes"
"2074","oligodendrocytes"
"2075","oligodendrocytes"
"2076","oligodendrocytes"
"2077","oligodendrocytes"
"2078","oligodendrocytes"
"2079","oligodendrocytes"
"2080","oligodendrocytes"
"2081","oligodendrocytes"
"2082","oligodendrocytes"
"2083","oligodendrocytes"
"2084","oligodendrocytes"
"2085","oligodendrocytes"
"2086","oligodendrocytes"
"2087","oligodendrocytes"
"2088","oligodendrocytes"
"2089","oligodendrocytes"
"2090","oligodendrocytes"
"2091","oligodendrocytes"
"2092","oligodendrocytes"
"2093","oligodendrocytes"
"2094","oligodendrocytes"
"2095","oligodendrocytes"
"2096","oligodendrocytes"
"2097","oligodendrocytes"
"2098","oligodendrocytes"
"2099","oligodendrocytes"
"2100","oligodendrocytes"
"2101","oligodendrocytes"
"2102","oligodendrocytes"
"2103","oligodendrocytes"
"2104","oligodendrocytes"
"2105","oligodendrocytes"
"2106","oligodendrocytes"
"2107","oligodendrocytes"
"2108","oligodendrocytes"
"2109","oligodendrocytes"
"2110","oligodendrocytes"
"2111","oligodendrocytes"
"2112","oligodendrocytes"
"2113","oligodendrocytes"
"2114","oligodendrocytes"
"2115","oligodendrocytes"
"2116","oligodendrocytes"
"2117","oligodendrocytes"
"2118","oligodendrocytes"
"2119","oligodendrocytes"
"2120","oligodendrocytes"
"2121","oligodendrocytes"
"2122","oligodendrocytes"
"2123","oligodendrocytes"
"2124","oligodendrocytes"
"2125","oligodendrocytes"
"2126","oligodendrocytes"
"2127","oligodendrocytes"
"2128","oligodendrocytes"
"2129","oligodendrocytes"
"2130","oligodendrocytes"
"2131","oligodendrocytes"
"2132","oligodendrocytes"
"2133","oligodendrocytes"
"2134","oligodendrocytes"
"2135","oligodendrocytes"
"2136","oligodendrocytes"
"2137","oligodendrocytes"
"2138","oligodendrocytes"
"2139","oligodendrocytes"
"2140","oligodendrocytes"
"2141","oligodendrocytes"
"2142","oligodendrocytes"
"2143","oligodendrocytes"
"2144","oligodendrocytes"
"2145","oligodendrocytes"
"2146","oligodendrocytes"
"2147","oligodendrocytes"
"2148","oligodendrocytes"
"2149","oligodendrocytes"
"2150","oligodendrocytes"
"2151","oligodendrocytes"
"2152","oligodendrocytes"
"2153","oligodendrocytes"
"2154","oligodendrocytes"
"2155","oligodendrocytes"
"2156","oligodendrocytes"
"2157","oligodendrocytes"
"2158","oligodendrocytes"
"2159","oligodendrocytes"
"2160","oligodendrocytes"
"2161","oligodendrocytes"
"2162","oligodendrocytes"
"2163","oligodendrocytes"
"2164","oligodendrocytes"
"2165","oligodendrocytes"
"2166","oligodendrocytes"
"2167","oligodendrocytes"
"2168","oligodendrocytes"
"2169","oligodendrocytes"
"2170","oligodendrocytes"
"2171","oligodendrocytes"
"2172","oligodendrocytes"
"2173","oligodendrocytes"
"2174","oligodendrocytes"
"2175","oligodendrocytes"
"2176","oligodendrocytes"
"2177","oligodendrocytes"
"2178","oligodendrocytes"
"2179","oligodendrocytes"
"2180","oligodendrocytes"
"2181","oligodendrocytes"
"2182","oligodendrocytes"
"2183","oligodendrocytes"
"2184","oligodendrocytes"
"2185","oligodendrocytes"
"2186","oligodendrocytes"
"2187","oligodendrocytes"
"2188","oligodendrocytes"
"2189","oligodendrocytes"
"2190","oligodendrocytes"
"2191","oligodendrocytes"
"2192","oligodendrocytes"
"2193","oligodendrocytes"
"2194","oligodendrocytes"
"2195","oligodendrocytes"
"2196","oligodendrocytes"
"2197","oligodendrocytes"
"2198","oligodendrocytes"
"2199","oligodendrocytes"
"2200","oligodendrocytes"
"2201","oligodendrocytes"
"2202","oligodendrocytes"
"2203","oligodendrocytes"
"2204","oligodendrocytes"
"2205","oligodendrocytes"
"2206","oligodendrocytes"
"2207","oligodendrocytes"
"2208","oligodendrocytes"
"2209","oligodendrocytes"
"2210","oligodendrocytes"
"2211","oligodendrocytes"
"2212","oligodendrocytes"
"2213","oligodendrocytes"
"2214","oligodendrocytes"
"2215","oligodendrocytes"
"2216","oligodendrocytes"
"2217","oligodendrocytes"
"2218","oligodendrocytes"
"2219","oligodendrocytes"
"2220","oligodendrocytes"
"2221","oligodendrocytes"
"2222","oligodendrocytes"
"2223","oligodendrocytes"
"2224","oligodendrocytes"
"2225","oligodendrocytes"
"2226","oligodendrocytes"
"2227","oligodendrocytes"
"2228","oligodendrocytes"
"2229","oligodendrocytes"
"2230","oligodendrocytes"
"2231","oligodendrocytes"
"2232","oligodendrocytes"
"2233","oligodendrocytes"
"2234","oligodendrocytes"
"2235","oligodendrocytes"
"2236","oligodendrocytes"
"2237","oligodendrocytes"
"2238","oligodendrocytes"
"2239","oligodendrocytes"
"2240","oligodendrocytes"
"2241","oligodendrocytes"
"2242","oligodendrocytes"
"2243","oligodendrocytes"
"2244","oligodendrocytes"
"2245","oligodendrocytes"
"2246","oligodendrocytes"
"2247","oligodendrocytes"
"2248","oligodendrocytes"
"2249","oligodendrocytes"
"2250","oligodendrocytes"
"2251","oligodendrocytes"
"2252","oligodendrocytes"
"2253","oligodendrocytes"
"2254","oligodendrocytes"
"2255","oligodendrocytes"
"2256","oligodendrocytes"
"2257","oligodendrocytes"
"2258","oligodendrocytes"
"2259","oligodendrocytes"
"2260","oligodendrocytes"
"2261","oligodendrocytes"
"2262","oligodendrocytes"
"2263","oligodendrocytes"
"2264","oligodendrocytes"
"2265","oligodendrocytes"
"2266","oligodendrocytes"
"2267","oligodendrocytes"
"2268","oligodendrocytes"
"2269","oligodendrocytes"
"2270","oligodendrocytes"
"2271","oligodendrocytes"
"2272","oligodendrocytes"
"2273","oligodendrocytes"
"2274","oligodendrocytes"
"2275","oligodendrocytes"
"2276","oligodendrocytes"
"2277","oligodendrocytes"
"2278","oligodendrocytes"
"2279","oligodendrocytes"
"2280","oligodendrocytes"
"2281","oligodendrocytes"
"2282","oligodendrocytes"
"2283","oligodendrocytes"
"2284","oligodendrocytes"
"2285","oligodendrocytes"
"2286","oligodendrocytes"
"2287","oligodendrocytes"
"2288","oligodendrocytes"
"2289","oligodendrocytes"
"2290","oligodendrocytes"
"2291","oligodendrocytes"
"2292","oligodendrocytes"
"2293","oligodendrocytes"
"2294","oligodendrocytes"
"2295","oligodendrocytes"
"2296","oligodendrocytes"
"2297","oligodendrocytes"
"2298","oligodendrocytes"
"2299","oligodendrocytes"
"2300","oligodendrocytes"
"2301","oligodendrocytes"
"2302","oligodendrocytes"
"2303","oligodendrocytes"
"2304","oligodendrocytes"
"2305","oligodendrocytes"
"2306","oligodendrocytes"
"2307","oligodendrocytes"
"2308","oligodendrocytes"
"2309","oligodendrocytes"
"2310","oligodendrocytes"
"2311","oligodendrocytes"
"2312","oligodendrocytes"
"2313","oligodendrocytes"
"2314","oligodendrocytes"
"2315","oligodendrocytes"
"2316","oligodendrocytes"
"2317","oligodendrocytes"
"2318","oligodendrocytes"
"2319","oligodendrocytes"
"2320","oligodendrocytes"
"2321","oligodendrocytes"
"2322","oligodendrocytes"
"2323","oligodendrocytes"
"2324","oligodendrocytes"
"2325","oligodendrocytes"
"2326","oligodendrocytes"
"2327","oligodendrocytes"
"2328","oligodendrocytes"
"2329","oligodendrocytes"
"2330","oligodendrocytes"
"2331","oligodendrocytes"
"2332","oligodendrocytes"
"2333","oligodendrocytes"
"2334","oligodendrocytes"
"2335","oligodendrocytes"
"2336","oligodendrocytes"
"2337","oligodendrocytes"
"2338","oligodendrocytes"
"2339","oligodendrocytes"
"2340","oligodendrocytes"
"2341","oligodendrocytes"
"2342","oligodendrocytes"
"2343","oligodendrocytes"
"2344","oligodendrocytes"
"2345","oligodendrocytes"
"2346","oligodendrocytes"
"2347","oligodendrocytes"
"2348","oligodendrocytes"
"2349","oligodendrocytes"
"2350","oligodendrocytes"
"2351","oligodendrocytes"
"2352","oligodendrocytes"
"2353","oligodendrocytes"
"2354","oligodendrocytes"
"2355","oligodendrocytes"
"2356","oligodendrocytes"
"2357","oligodendrocytes"
"2358","oligodendrocytes"
"2359","oligodendrocytes"
"2360","oligodendrocytes"
"2361","oligodendrocytes"
"2362","oligodendrocytes"
"2363","oligodendrocytes"
"2364","oligodendrocytes"
"2365","oligodendrocytes"
"2366","oligodendrocytes"
"2367","oligodendrocytes"
"2368","oligodendrocytes"
"2369","oligodendrocytes"
"2370","oligodendrocytes"
"2371","oligodendrocytes"
"2372","oligodendrocytes"
"2373","oligodendrocytes"
"2374","oligodendrocytes"
"2375","oligodendrocytes"
"2376","oligodendrocytes"
"2377","oligodendrocytes"
"2378","oligodendrocytes"
"2379","oligodendrocytes"
"2380","oligodendrocytes"
"2381","oligodendrocytes"
"2382","oligodendrocytes"
"2383","oligodendrocytes"
"2384","oligodendrocytes"
"2385","oligodendrocytes"
"2386","oligodendrocytes"
"2387","oligodendrocytes"
"2388","oligodendrocytes"
"2389","oligodendrocytes"
"2390","oligodendrocytes"
"2391","oligodendrocytes"
"2392","oligodendrocytes"
"2393","oligodendrocytes"
"2394","oligodendrocytes"
"2395","oligodendrocytes"
"2396","oligodendrocytes"
"2397","oligodendrocytes"
"2398","oligodendrocytes"
"2399","oligodendrocytes"
"2400","microglia"
"2401","microglia"
"2402","microglia"
"2403","microglia"
"2404","microglia"
"2405","microglia"
"2406","microglia"
"2407","microglia"
"2408","microglia"
"2409","microglia"
"2410","microglia"
"2411","microglia"
"2412","microglia"
"2413","microglia"
"2414","microglia"
"2415","microglia"
"2416","microglia"
"2417","microglia"
"2418","microglia"
"2419","microglia"
"2420","microglia"
"2421","microglia"
"2422","microglia"
"2423","microglia"
"2424","microglia"
"2425","microglia"
"2426","microglia"
"2427","microglia"
"2428","microglia"
"2429","microglia"
"2430","microglia"
"2431","microglia"
"2432","microglia"
"2433","microglia"
"2434","microglia"
"2435","microglia"
"2436","microglia"
"2437","microglia"
"2438","microglia"
"2439","microglia"
"2440","microglia"
"2441","microglia"
"2442","microglia"
"2443","microglia"
"2444","microglia"
"2445","microglia"
"2446","microglia"
"2447","microglia"
"2448","microglia"
"2449","microglia"
"2450","microglia"
"2451","microglia"
"2452","microglia"
"2453","microglia"
"2454","microglia"
"2455","microglia"
"2456","microglia"
"2457","microglia"
"2458","microglia"
"2459","microglia"
"2460","microglia"
"2461","microglia"
"2462","microglia"
"2463","microglia"
"2464","microglia"
"2465","microglia"
"2466","microglia"
"2467","microglia"
"2468","microglia"
"2469","microglia"
"2470","microglia"
"2471","microglia"
"2472","microglia"
"2473","microglia"
"2474","microglia"
"2475","microglia"
"2476","microglia"
"2477","microglia"
"2478","endothelial-mural"
"2479","endothelial-mural"
"2480","endothelial-mural"
"2481","endothelial-mural"
"2482","endothelial-mural"
"2483","endothelial-mural"
"2484","endothelial-mural"
"2485","endothelial-mural"
"2486","endothelial-mural"
"2487","endothelial-mural"
"2488","endothelial-mural"
"2489","endothelial-mural"
"2490","endothelial-mural"
"2491","endothelial-mural"
"2492","endothelial-mural"
"2493","endothelial-mural"
"2494","endothelial-mural"
"2495","endothelial-mural"
"2496","endothelial-mural"
"2497","endothelial-mural"
"2498","endothelial-mural"
"2499","endothelial-mural"
"2500","endothelial-mural"
"2501","endothelial-mural"
"2502","endothelial-mural"
"2503","endothelial-mural"
"2504","endothelial-mural"
"2505","endothelial-mural"
"2506","endothelial-mural"
"2507","endothelial-mural"
"2508","endothelial-mural"
"2509","endothelial-mural"
"2510","endothelial-mural"
"2511","endothelial-mural"
"2512","endothelial-mural"
"2513","endothelial-mural"
"2514","endothelial-mural"
"2515","endothelial-mural"
"2516","endothelial-mural"
"2517","endothelial-mural"
"2518","endothelial-mural"
"2519","endothelial-mural"
"2520","endothelial-mural"
"2521","endothelial-mural"
"2522","endothelial-mural"
"2523","endothelial-mural"
"2524","endothelial-mural"
"2525","endothelial-mural"
"2526","endothelial-mural"
"2527","endothelial-mural"
"2528","endothelial-mural"
"2529","endothelial-mural"
"2530","endothelial-mural"
"2531","endothelial-mural"
"2532","endothelial-mural"
"2533","endothelial-mural"
"2534","endothelial-mural"
"2535","endothelial-mural"
"2536","endothelial-mural"
"2537","endothelial-mural"
"2538","endothelial-mural"
"2539","endothelial-mural"
"2540","endothelial-mural"
"2541","endothelial-mural"
"2542","endothelial-mural"
"2543","endothelial-mural"
"2544","endothelial-mural"
"2545","endothelial-mural"
"2546","endothelial-mural"
"2547","endothelial-mural"
"2548","endothelial-mural"
"2549","endothelial-mural"
"2550","endothelial-mural"
"2551","endothelial-mural"
"2552","endothelial-mural"
"2553","endothelial-mural"
"2554","endothelial-mural"
"2555","endothelial-mural"
"2556","endothelial-mural"
"2557","endothelial-mural"
"2558","endothelial-mural"
"2559","endothelial-mural"
"2560","endothelial-mural"
"2561","endothelial-mural"
"2562","endothelial-mural"
"2563","endothelial-mural"
"2564","endothelial-mural"
"2565","endothelial-mural"
"2566","endothelial-mural"
"2567","endothelial-mural"
"2568","endothelial-mural"
"2569","endothelial-mural"
"2570","endothelial-mural"
"2571","endothelial-mural"
"2572","endothelial-mural"
"2573","endothelial-mural"
"2574","endothelial-mural"
"2575","endothelial-mural"
"2576","endothelial-mural"
"2577","endothelial-mural"
"2578","endothelial-mural"
"2579","endothelial-mural"
"2580","endothelial-mural"
"2581","endothelial-mural"
"2582","endothelial-mural"
"2583","endothelial-mural"
"2584","endothelial-mural"
"2585","endothelial-mural"
"2586","endothelial-mural"
"2587","endothelial-mural"
"2588","endothelial-mural"
"2589","endothelial-mural"
"2590","endothelial-mural"
"2591","astrocytes_ependymal"
"2592","astrocytes_ependymal"
"2593","astrocytes_ependymal"
"2594","astrocytes_ependymal"
"2595","astrocytes_ependymal"
"2596","astrocytes_ependymal"
"2597","astrocytes_ependymal"
"2598","astrocytes_ependymal"
"2599","astrocytes_ependymal"
"2600","astrocytes_ependymal"
"2601","astrocytes_ependymal"
"2602","astrocytes_ependymal"
"2603","astrocytes_ependymal"
"2604","astrocytes_ependymal"
"2605","astrocytes_ependymal"
"2606","astrocytes_ependymal"
"2607","astrocytes_ependymal"
"2608","astrocytes_ependymal"
"2609","astrocytes_ependymal"
"2610","astrocytes_ependymal"
"2611","astrocytes_ependymal"
"2612","astrocytes_ependymal"
"2613","astrocytes_ependymal"
"2614","astrocytes_ependymal"
"2615","astrocytes_ependymal"
"2616","astrocytes_ependymal"
"2617","astrocytes_ependymal"
"2618","astrocytes_ependymal"
"2619","astrocytes_ependymal"
"2620","astrocytes_ependymal"
"2621","astrocytes_ependymal"
"2622","astrocytes_ependymal"
"2623","astrocytes_ependymal"
"2624","astrocytes_ependymal"
"2625","astrocytes_ependymal"
"2626","astrocytes_ependymal"
"2627","astrocytes_ependymal"
"2628","astrocytes_ependymal"
"2629","astrocytes_ependymal"
"2630","astrocytes_ependymal"
"2631","astrocytes_ependymal"
"2632","astrocytes_ependymal"
"2633","astrocytes_ependymal"
"2634","astrocytes_ependymal"
"2635","astrocytes_ependymal"
"2636","astrocytes_ependymal"
"2637","astrocytes_ependymal"
"2638","astrocytes_ependymal"
"2639","astrocytes_ependymal"
"2640","astrocytes_ependymal"
"2641","astrocytes_ependymal"
"2642","astrocytes_ependymal"
"2643","astrocytes_ependymal"
"2644","astrocytes_ependymal"
"2645","astrocytes_ependymal"
"2646","astrocytes_ependymal"
"2647","astrocytes_ependymal"
"2648","astrocytes_ependymal"
"2649","astrocytes_ependymal"
"2650","astrocytes_ependymal"
"2651","astrocytes_ependymal"
"2652","astrocytes_ependymal"
"2653","astrocytes_ependymal"
"2654","astrocytes_ependymal"
"2655","astrocytes_ependymal"
"2656","astrocytes_ependymal"
"2657","astrocytes_ependymal"
"2658","astrocytes_ependymal"
"2659","astrocytes_ependymal"
"2660","astrocytes_ependymal"
"2661","astrocytes_ependymal"
"2662","astrocytes_ependymal"
"2663","astrocytes_ependymal"
"2664","astrocytes_ependymal"
"2665","astrocytes_ependymal"
"2666","astrocytes_ependymal"
"2667","astrocytes_ependymal"
"2668","astrocytes_ependymal"
"2669","astrocytes_ependymal"
"2670","astrocytes_ependymal"
"2671","astrocytes_ependymal"
"2672","astrocytes_ependymal"
"2673","astrocytes_ependymal"
"2674","astrocytes_ependymal"
"2675","astrocytes_ependymal"
"2676","astrocytes_ependymal"
"2677","astrocytes_ependymal"
"2678","astrocytes_ependymal"
"2679","astrocytes_ependymal"
"2680","astrocytes_ependymal"
"2681","astrocytes_ependymal"
"2682","astrocytes_ependymal"
"2683","astrocytes_ependymal"
"2684","astrocytes_ependymal"
"2685","astrocytes_ependymal"
"2686","astrocytes_ependymal"
"2687","astrocytes_ependymal"
"2688","astrocytes_ependymal"
"2689","astrocytes_ependymal"
"2690","astrocytes_ependymal"
"2691","astrocytes_ependymal"
"2692","astrocytes_ependymal"
"2693","astrocytes_ependymal"
"2694","astrocytes_ependymal"
"2695","astrocytes_ependymal"
"2696","astrocytes_ependymal"
"2697","astrocytes_ependymal"
"2698","astrocytes_ependymal"
"2699","astrocytes_ependymal"
"2700","astrocytes_ependymal"
"2701","astrocytes_ependymal"
"2702","astrocytes_ependymal"
"2703","astrocytes_ependymal"
"2704","astrocytes_ependymal"
"2705","astrocytes_ependymal"
"2706","astrocytes_ependymal"
"2707","astrocytes_ependymal"
"2708","astrocytes_ependymal"
"2709","astrocytes_ependymal"
"2710","astrocytes_ependymal"
"2711","astrocytes_ependymal"
"2712","astrocytes_ependymal"
"2713","astrocytes_ependymal"
"2714","astrocytes_ependymal"
"2715","astrocytes_ependymal"
"2716","astrocytes_ependymal"
"2717","astrocytes_ependymal"
"2718","astrocytes_ependymal"
"2719","astrocytes_ependymal"
"2720","astrocytes_ependymal"
"2721","astrocytes_ependymal"
"2722","astrocytes_ependymal"
"2723","astrocytes_ependymal"
"2724","astrocytes_ependymal"
"2725","astrocytes_ependymal"
"2726","astrocytes_ependymal"
"2727","astrocytes_ependymal"
"2728","astrocytes_ependymal"
"2729","astrocytes_ependymal"
"2730","astrocytes_ependymal"
"2731","astrocytes_ependymal"
"2732","astrocytes_ependymal"
"2733","astrocytes_ependymal"
"2734","astrocytes_ependymal"
"2735","astrocytes_ependymal"
"2736","astrocytes_ependymal"
"2737","astrocytes_ependymal"
"2738","astrocytes_ependymal"
"2739","astrocytes_ependymal"
"2740","astrocytes_ependymal"
"2741","astrocytes_ependymal"
"2742","astrocytes_ependymal"
"2743","astrocytes_ependymal"
"2744","astrocytes_ependymal"
"2745","astrocytes_ependymal"
"2746","astrocytes_ependymal"
"2747","astrocytes_ependymal"
"2748","astrocytes_ependymal"
"2749","astrocytes_ependymal"
"2750","astrocytes_ependymal"
"2751","astrocytes_ependymal"
"2752","astrocytes_ependymal"
"2753","astrocytes_ependymal"
"2754","astrocytes_ependymal"
"2755","astrocytes_ependymal"
"2756","astrocytes_ependymal"
"2757","astrocytes_ependymal"
"2758","astrocytes_ependymal"
"2759","astrocytes_ependymal"
"2760","astrocytes_ependymal"
"2761","astrocytes_ependymal"
"2762","astrocytes_ependymal"
"2763","astrocytes_ependymal"
"2764","astrocytes_ependymal"
"2765","astrocytes_ependymal"
"2766","astrocytes_ependymal"
"2767","astrocytes_ependymal"
"2768","astrocytes_ependymal"
"2769","astrocytes_ependymal"
"2770","endothelial-mural"
"2771","endothelial-mural"
"2772","endothelial-mural"
"2773","endothelial-mural"
"2774","endothelial-mural"
"2775","endothelial-mural"
"2776","endothelial-mural"
"2777","endothelial-mural"
"2778","endothelial-mural"
"2779","endothelial-mural"
"2780","endothelial-mural"
"2781","endothelial-mural"
"2782","endothelial-mural"
"2783","endothelial-mural"
"2784","endothelial-mural"
"2785","endothelial-mural"
"2786","endothelial-mural"
"2787","endothelial-mural"
"2788","endothelial-mural"
"2789","endothelial-mural"
"2790","endothelial-mural"
"2791","endothelial-mural"
"2792","endothelial-mural"
"2793","endothelial-mural"
"2794","endothelial-mural"
"2795","endothelial-mural"
"2796","endothelial-mural"
"2797","endothelial-mural"
"2798","endothelial-mural"
"2799","endothelial-mural"
"2800","endothelial-mural"
"2801","endothelial-mural"
"2802","endothelial-mural"
"2803","endothelial-mural"
"2804","endothelial-mural"
"2805","endothelial-mural"
"2806","endothelial-mural"
"2807","endothelial-mural"
"2808","endothelial-mural"
"2809","endothelial-mural"
"2810","endothelial-mural"
"2811","endothelial-mural"
"2812","endothelial-mural"
"2813","endothelial-mural"
"2814","endothelial-mural"
"2815","endothelial-mural"
"2816","endothelial-mural"
